{"cameraMode":{"drawMode":0,"name":"Shaded","section":"Shading Mode"},"sceneLighting":true,"audioPlay":false,"sceneViewState":{"showFog":true,"showMaterialUpdate":false,"showSkybox":true,"showFlares":true,"showImageEffects":true,"showParticleSystems":true},"in2DMode":false,"pivot":{"x":3.316905975341797,"y":-3.4067583084106447,"z":-0.2638206481933594},"rotation":{"x":-0.19500276446342469,"y":0.048527490347623828,"z":-0.00966044794768095,"w":-0.9795538783073425},"size":41.692508697509769,"orthographic":false}